leaid,name,body_type,county,schools,enrollment,website,status,final_url,platforms,platform_links,board_pages,cms,pdf_links,note,primary_platform
3603840,Baldwin Union Free School District,School district,Nassau,7,4476,http://www.baldwinschools.org,200,https://www.baldwinschools.org/,BoardDocs;YouTube,https://go.boarddocs.com/ny/baldwinschools/Board.nsf/files/DLJRW86D04A6/$file/Highlights%20From%20the%20Summer%20%20EOY%20Results%20from%202024-2025%20SY%20Summer%202025.pdf https://go.boarddocs.com/ny/baldwinschools/Board.nsf/files/DLRL3W52A9E5/$file/CapitalProjectsUpdate_Presentationat%209.10.25.p,https://www.baldwinschools.org/board-of-education/schedule-for-board-meetings https://www.baldwinschools.org/board-of-education https://www.baldwinschools.org/board-of-education/board-presentations https://www.baldwinschools.org/board-of-education/voter-ballot-information,Finalsite;SchoolMessenger,3,,BoardDocs
3604410,Bellmore Union Free School District,School district,Nassau,3,1080,http://www.bellmoreschools.org,200,https://www.bellmoreschools.org/,YouTube,,https://www.bellmoreschools.org/page/board-of-education,Apptegy/Thrillshare,0,,Not detected
3619020,Bellmore-Merrick Central High School District,School district,Nassau,5,5243,http://www.bellmore-merrick.k12.ny.us,200,https://www.bellmore-merrick.k12.ny.us/,BoardDocs;Google Drive/Docs;YouTube,https://go.boarddocs.com/ny/bellmoremerrick/Board.nsf/vpublic?open,https://www.bellmore-merrick.k12.ny.us/community-cupboard https://www.bellmore-merrick.k12.ny.us/board-of-education https://www.bellmore-merrick.k12.ny.us/board-of-education-2,SchoolMessenger;ParentSquare/Smore,17,,BoardDocs
3604740,Bethpage Union Free School District,School district,Nassau,5,2990,http://www.bethpagecommunity.com,200,https://www.bethpagecommunity.com/,Google Drive/Docs;YouTube,,https://www.bethpagecommunity.com/page/board-of-ed https://www.bethpagecommunity.com/page/board-of-education,Apptegy/Thrillshare,0,,Google Drive links
3606540,Carle Place Union Free School District,School district,Nassau,3,1264,http://www.cps.k12.ny.us,200,https://www.cps.k12.ny.us/,BoardDocs;Google Drive/Docs,,https://www.cps.k12.ny.us/page/board-of-ed-meeting-livestream-schedule-links-2627,Apptegy/Thrillshare;ParentSquare/Smore,0,,BoardDocs
3609840,East Meadow Union Free School District,School district,Nassau,9,7802,http://www.eastmeadow.k12.ny.us,0,http://www.eastmeadow.k12.ny.us,,,,,0,no response,Unreachable / blocked
3609960,East Rockaway Union Free School District,School district,Nassau,3,1153,http://www.eastrockawayschools.org,200,https://www.eastrockawayschools.org/,YouTube,,https://www.eastrockawayschools.org/agendas https://www.eastrockawayschools.org/minutes https://www.eastrockawayschools.org/meeting-schedule https://www.eastrockawayschools.org/meeting-livestream-recordings,SchoolMessenger;ParentSquare/Smore,458,,PDFs on own site
3610050,East Williston Union Free School District,School district,Nassau,3,1609,http://www.ewsdonline.org,,,,,,,0,robots.txt disallows,Unreachable / blocked
3610620,Elmont Union Free School District,School district,Nassau,6,3394,http://www.elmontschools.org,200,https://www.elmontschools.org/,BoardDocs;YouTube,"https://go.boarddocs.com/ny/elmont/Board.nsf/files/DTURJX6E48E8/$file/April 28, 2026 - Special Meeting of the Board of Education.pdf https://go.boarddocs.com/ny/elmont/Board.nsf/files/DTVQWT6B56BD/$file/April 14, 2026 - Regular Meeting of the Board of Education.pdf",https://www.elmontschools.org/meeting-dates https://www.elmontschools.org/school-board https://www.elmontschools.org/board-of-education,SchoolMessenger;ParentSquare/Smore,175,,BoardDocs
3610980,Farmingdale Union Free School District,School district,Nassau,6,5251,http://www.farmingdaleschools.org,200,https://www.farmingdaleschools.org/,Google Drive/Docs;YouTube,,https://www.farmingdaleschools.org/boe-goals https://www.farmingdaleschools.org/boe-policies https://www.farmingdaleschools.org/board-of-education https://www.farmingdaleschools.org/board-of-education-2,SchoolMessenger;ParentSquare/Smore,0,,Google Drive links
3611160,Floral Park-Bellerose Union Free School District,School district,Nassau,2,1597,http://www.fpbsd.org,,,,,,,0,robots.txt disallows,Unreachable / blocked
3611460,Franklin Square Union Free School District,School district,Nassau,3,1930,http://www.franklinsquare.k12.ny.us,200,https://www.franklinsquare.k12.ny.us/,BoardDocs;YouTube,https://go.boarddocs.com/ny/frsq/Board.nsf/Public# https://go.boarddocs.com/ny/frsq/Board.nsf/goto?open&amp;id=A6R6G70A5CBE,https://www.franklinsquare.k12.ny.us/page/boe-meeting-dates https://www.franklinsquare.k12.ny.us/page/members-of-the-board https://www.franklinsquare.k12.ny.us/page/board-of-education-presentations https://www.franklinsquare.k12.ny.us/documents/board-of-education/board-of-education-documents/773271,Apptegy/Thrillshare,0,,BoardDocs
3611550,Freeport Union Free School District,School district,Nassau,8,6469,http://www.freeportschools.org,200,https://www.freeportschools.org/,,,https://www.freeportschools.org/minutes-agendas https://www.freeportschools.org/board-of-education-meeting-dates https://www.freeportschools.org/school-board,SchoolMessenger;ParentSquare/Smore,0,,Not detected
3611760,Garden City Union Free School District,School district,Nassau,7,3945,http://www.gardencity.k12.ny.us,200,https://www.gardencity.k12.ny.us/,,,https://www.gardencity.k12.ny.us/board-members,SchoolMessenger;ParentSquare/Smore,0,,Not detected
3612180,Glen Cove City School District,School district,Nassau,6,3214,http://www.glencoveschools.org,200,https://www.glencoveschools.org/,Google Drive/Docs;YouTube,,https://www.glencoveschools.org/board-of-education/boe-meeting-dates https://www.glencoveschools.org/board-of-education https://www.glencoveschools.org/board-of-education/home https://www.glencoveschools.org/board-of-education/overview,Finalsite;SchoolMessenger;ParentSquare/Smore,0,,Google Drive links
3612510,Great Neck Union Free School District,School district,Nassau,10,6836,http://www.greatneck.k12.ny.us,200,https://www.greatneck.k12.ny.us/,BoardDocs;Google Drive/Docs;YouTube,https://go.boarddocs.com/ny/gnps/Board.nsf/Public,https://www.greatneck.k12.ny.us/board-of-education/board-meetings-policies https://www.greatneck.k12.ny.us/board-of-education/board-meetings-policies/board-of-education-meetings-2017-18 https://www.greatneck.k12.ny.us/board-of-education/board-meetings-policies/board-of-education-meetings-2018-19 https://www.greatneck.k12.ny.us/board-of-education/board-meetings-policies/board-of-education-meetings-,Finalsite;SchoolMessenger;ParentSquare/Smore,1,,BoardDocs
3614130,Hempstead Union Free School District,School district,Nassau,8,6114,http://www.hempsteadschools.org,200,https://www.hempsteadschools.org/,BoardDocs;YouTube,https://go.boarddocs.com/ny/hempstead/Board.nsf/Public,https://www.hempsteadschools.org/board-of-education/boe-documents/board-minutes https://www.hempsteadschools.org/board-of-education/boe-documents/boe-meeting-agenda-archives https://www.hempsteadschools.org/board-of-education https://www.hempsteadschools.org/board-of-education/home,Finalsite;SchoolMessenger,625,,BoardDocs
3614280,Herricks Union Free School District,School district,Nassau,5,4258,http://www.herricks.org,200,https://www.herricks.org/,Google Drive/Docs;YouTube,,https://www.herricks.org/board-of-education/board-meeting-dates-and-livestream-links https://www.herricks.org/board-of-education/board-meeting-dates-and-livestream-links/live-stream-links-and-videos https://www.herricks.org/board-of-education/bond-updates https://www.herricks.org/board-of-education/board-members,Finalsite;SchoolMessenger;ParentSquare/Smore,0,,Google Drive links
3631710,Hewlett-Woodmere Union Free School District,School district,Nassau,5,2884,http://www.hewlett-woodmere.net,200,https://www.hewlett-woodmere.net/,BoardDocs;Google Drive/Docs,https://go.boarddocs.com/ny/hwps/Board.nsf/Public,https://www.hewlett-woodmere.net/board-of-education/meeting-dates https://www.hewlett-woodmere.net/board-of-education/meeting-re-caps-archive https://www.hewlett-woodmere.net/board-of-education/welcome-to-a-meeting-of-your-school-board https://www.hewlett-woodmere.net/board-of-education,Finalsite;SchoolMessenger;ParentSquare/Smore,0,,BoardDocs
3614340,Hicksville Union Free School District,School district,Nassau,9,5548,http://www.hicksvillepublicschools.org,200,https://www.hicksvillepublicschools.org/,BoardDocs;Google Drive/Docs,https://go.boarddocs.com/ny/hicksville/Board.nsf/goto?open&id=DP7PJX64C4F2 https://go.boarddocs.com/ny/hicksville/Board.nsf/vpublic?open,https://www.hicksvillepublicschools.org/board-of-education-meetings https://www.hicksvillepublicschools.org/board-of-education https://www.hicksvillepublicschools.org/boe-member-profiles https://www.hicksvillepublicschools.org/trustee-candidate-packet,SchoolMessenger;ParentSquare/Smore,0,,BoardDocs
3615480,Island Park Union Free School District,School district,Nassau,2,707,http://www.ips.k12.ny.us,200,https://www.ips.k12.ny.us/,BoardDocs;YouTube,https://go.boarddocs.com/ny/island/Board.nsf/Public,https://www.ips.k12.ny.us/BOE_Minutes https://www.ips.k12.ny.us/boe_meeting_dates https://www.ips.k12.ny.us/board_members https://www.ips.k12.ny.us/data_privacy_and_security_board_policies,,21,,BoardDocs
3615510,Island Trees Union Free School District,School district,Nassau,4,2223,http://www.islandtrees.org,200,https://www.islandtrees.org/,BoardDocs;Google Drive/Docs;YouTube,http://www.boarddocs.com/ny/ISTR/Board.nsf/Public https://go.boarddocs.com/ny/ISTR/Board.nsf/Public,https://www.islandtrees.org/meeting-dates https://www.islandtrees.org/board-of-education https://www.islandtrees.org/board-of-education-members,SchoolMessenger;ParentSquare/Smore,18,,BoardDocs
3615810,Jericho Union Free School District,School district,Nassau,5,3236,http://www.jerichoschools.org,200,https://www.jerichoschools.org/,Diligent Community;Google Drive/Docs;YouTube,https://jerichoschools.community.diligentoneplatform.com/Portal/MeetingTypeList.aspx https://jerichoschools.community.diligentoneplatform.com/Portal/Policy.aspx,https://www.jerichoschools.org/boe-meeting-links https://www.jerichoschools.org/boehome https://www.jerichoschools.org/board-of-education,SchoolMessenger;ParentSquare/Smore,0,,Diligent Community
3616830,Lawrence Union Free School District,School district,Nassau,5,2306,http://www.lawrence.org,200,https://www.lawrence.org/,YouTube,,,Apptegy/Thrillshare,0,,Not detected
3617160,Levittown Union Free School District,School district,Nassau,10,7177,http://www.levittownschools.com,200,https://www.levittownschools.com/,BoardDocs;Google Drive/Docs;YouTube,https://go.boarddocs.com/ny/levittown/Board.nsf/Public,https://www.levittownschools.com/boe https://www.levittownschools.com/boe/bios https://www.levittownschools.com/boe/budget https://www.levittownschools.com/boe/policies,ParentSquare/Smore,334,,BoardDocs
3617700,Locust Valley Central School District,School district,Nassau,6,1920,http://www.locustvalleyschools.org,200,https://www.locustvalleyschools.org/,Google Drive/Docs;YouTube,,,Apptegy/Thrillshare;ParentSquare/Smore,0,,Google Drive links
3617730,Long Beach City School District,School district,Nassau,6,3590,http://www.lbeach.org,200,https://www.lbeach.org/,YouTube,,https://www.lbeach.org/boe-meeting-videos https://www.lbeach.org/information-meetings-agendas https://www.lbeach.org/information-meetings-agendas-2 https://www.lbeach.org/school-board,SchoolMessenger;ParentSquare/Smore,70,,PDFs on own site
3617910,Lynbrook Union Free School District,School district,Nassau,7,2764,http://www.lynbrookschools.org,200,https://www.lynbrookschools.org/,,,https://www.lynbrookschools.org/board-goals https://www.lynbrookschools.org/board-of-education,SchoolMessenger;ParentSquare/Smore,0,,Not detected
3618210,Malverne Union Free School District,School district,Nassau,4,1848,http://www.malverne.k12.ny.us,200,http://www.malverne.k12.ny.us/,,,,,0,,Not detected
3618270,Manhasset Union Free School District,School district,Nassau,4,3021,http://www.manhassetschools.org,200,https://www.manhassetschools.org/,BoardDocs;YouTube,https://go.boarddocs.com/ny/manhps/Board.nsf/Public,https://www.manhassetschools.org/board-of-education/manhasset-board-of-education-home-page/meeting-information-notices-agendas-minutes-presentations-and-recognition-photos https://www.manhassetschools.org/board-of-education/manhasset-board-of-education-home-page/meeting-information-notices-agendas-minutes-presentations-and-recognition-photos/20212022-boe-meeting-information https://www.manhassetsc,Finalsite,0,,BoardDocs
3618630,Massapequa Union Free School District,School district,Nassau,9,6536,http://www.msd.k12.ny.us,200,https://www.msd.k12.ny.us/,Google Drive/Docs;YouTube,,https://www.msd.k12.ny.us/page/boe-meeting-live-stream https://www.msd.k12.ny.us/page/boe-public-meetings-agendas https://www.msd.k12.ny.us/page/boe-meeting-videos-presentations https://www.msd.k12.ny.us/page/boe-committees,Apptegy/Thrillshare,0,,Google Drive links
3619110,Merrick Union Free School District,School district,Nassau,3,1664,http://www.merrick.k12.ny.us,200,https://www.merrick.k12.ny.us/,,,https://www.merrick.k12.ny.us/board-of-education https://www.merrick.k12.ny.us/board-of-education-2 https://www.merrick.k12.ny.us/board-of-education-policies,SchoolMessenger;ParentSquare/Smore,11,,PDFs on own site
3619500,Mineola Union Free School District,School district,Nassau,5,2868,http://www.mineola.k12.ny.us,200,https://www.mineola.k12.ny.us/,Google Drive/Docs;YouTube,,https://www.mineola.k12.ny.us/board-policies https://www.mineola.k12.ny.us/board-of-education https://www.mineola.k12.ny.us/board-of-education-3 https://www.mineola.k12.ny.us/board-of-education-2,SchoolMessenger;ParentSquare/Smore,316,,PDFs on own site
3620400,New Hyde Park-Garden City Park Union Free School District,School district,Nassau,4,1653,http://www.nhp-gcp.org,200,https://www.nhp-gcp.org/,BoardDocs;Google Drive/Docs;YouTube,,https://www.nhp-gcp.org/page/board-of-education,Apptegy/Thrillshare,0,,BoardDocs
3620940,North Bellmore Union Free School District,School district,Nassau,5,2046,http://www.northbellmoreschools.org,200,https://www.northbellmoreschools.org/,,,https://www.northbellmoreschools.org/boe-meeting-dates https://www.northbellmoreschools.org/boe-file-cabinet https://www.northbellmoreschools.org/board-of-education https://www.northbellmoreschools.org/board-of-education-2,SchoolMessenger;ParentSquare/Smore,372,,PDFs on own site
3621120,North Merrick Union Free School District,School district,Nassau,3,1214,http://www.nmerrickschools.org,200,https://www.nmerrickschools.org/,YouTube,,https://www.nmerrickschools.org/board-of-education https://www.nmerrickschools.org/board-of-education/financials https://www.nmerrickschools.org/board-of-education/board-policies https://www.nmerrickschools.org/board-of-education/budget-information,Finalsite;SchoolMessenger;ParentSquare/Smore,0,,Not detected
3626370,North Shore Central School District,School district,Nassau,5,2572,http://www.northshoreschools.org,200,https://www.northshoreschools.org/,BoardDocs;Google Drive/Docs;YouTube,https://go.boarddocs.com/ny/northshore/Board.nsf/Public,https://www.northshoreschools.org/boe/agendapage.html https://www.northshoreschools.org/boe/board_minutes.html https://www.northshoreschools.org/boe/construction-steering-committee-minutes.html https://www.northshoreschools.org/boe/bond.html,ParentSquare/Smore,383,,BoardDocs
3621570,Oceanside Union Free School District,School district,Nassau,10,5514,http://www.oceansideschools.org,200,https://www.oceansideschools.org/,BoardDocs;Diligent Community;Google Drive/Docs;YouTube,https://go.boarddocs.com/ny/oceanside/Board.nsf/goto?open&amp;id=CRUP6K61D3B9 https://oceansideschools.community.diligentoneplatform.com/Portal/,https://www.oceansideschools.org/board-of-education/meetings https://www.oceansideschools.org/board-of-education https://www.oceansideschools.org/board-of-education/guide https://www.oceansideschools.org/board-of-education/about-our-board,Finalsite;SchoolMessenger,0,,BoardDocs
3622290,Oyster Bay-East Norwich Central School District,School district,Nassau,4,1400,http://www.obenschools.org,200,https://www.obenschools.org/,YouTube,,https://www.obenschools.org/board-homepage https://www.obenschools.org/board-of-education,SchoolMessenger;ParentSquare/Smore,0,,Not detected
3623190,Plainedge Union Free School District,School district,Nassau,5,2880,http://www.plainedgeschools.org,200,https://www.plainedgeschools.org/,BoardDocs;Google Drive/Docs;YouTube,http://go.boarddocs.com/ny/plainedge/Board.nsf/goto?open=&#038;id=AZWPDZ6430F9 https://go.boarddocs.com/ny/plainedge/Board.nsf/goto?open=&amp;id=AZWPDZ6430F9 https://go.boarddocs.com/ny/plainedge/Board.nsf/vpublic?open,https://www.plainedgeschools.org/boe/meeting-schedule-postings/ https://www.plainedgeschools.org/boe/agendas-minutes-presentations/ https://www.plainedgeschools.org/boe/ https://www.plainedgeschools.org/boe/about/,SchoolMessenger,26,,BoardDocs
3623220,Plainview-Old Bethpage Central School District,School district,Nassau,7,5245,http://www.pobschools.org,200,https://www.pobschools.org/,BoardDocs;Google Drive/Docs;YouTube,https://go.boarddocs.com/ny/pobcsd/Board.nsf/goto?open&amp;id=965J9L4C1C05#,https://www.pobschools.org/boe/live-stream-meetings https://www.pobschools.org/boe/meetings-and-agendas https://www.pobschools.org/boe/board-agenda-and-minutes https://www.pobschools.org/boe/boarddocs-meetings-and-agendas,Finalsite;SchoolMessenger;ParentSquare/Smore,0,,BoardDocs
3623580,Port Washington Union Free School District,School district,Nassau,7,5294,http://www.portnet.org,200,https://www.portnet.org/,YouTube,,,Edlio;SchoolMessenger;ParentSquare/Smore,0,,Not detected
3624780,Rockville Centre Union Free School District,School district,Nassau,7,3384,http://www.rvcschools.org,200,https://www.rvcschools.org/,YouTube,,,SchoolMessenger;ParentSquare/Smore,0,,Not detected
3624990,Roosevelt Union Free School District,School district,Nassau,5,3196,http://www.rooseveltufsd.org,200,https://www.rooseveltufsd.org/,BoardDocs;Google Drive/Docs;YouTube,,https://www.rooseveltufsd.org/o/rufsd/page/board,Apptegy/Thrillshare;SchoolMessenger,0,,BoardDocs
3625050,Roslyn Union Free School District,School district,Nassau,5,3301,http://www.roslynschools.org,200,https://www.roslynschools.org/,Google Drive/Docs,,https://www.roslynschools.org/board-of-education/board-meeting-schedule https://www.roslynschools.org/board-of-education/agendas-minutes-of-meetings https://www.roslynschools.org/board-of-education/board-meeting-schedule/board-meeting-schedule-26-27 https://www.roslynschools.org/board-of-education/board-meeting-schedule/board-meeting-schedule-25-26,Finalsite;SchoolMessenger;ParentSquare/Smore,0,,Google Drive links
3626400,Seaford Union Free School District,School district,Nassau,4,2200,http://www.seaford.k12.ny.us,200,https://www.seaford.k12.ny.us/,BoardDocs;YouTube,https://go.boarddocs.com/ny/seafordufsd/board.nsf/vpublic?open&amp;id=policies,https://www.seaford.k12.ny.us/board-of-education/board-of-education-meetings https://www.seaford.k12.ny.us/departments/curriculum-and-assessment/title-i-parent-meeting https://www.seaford.k12.ny.us/board-of-education/meeting-agendas-minutes-and-presentations https://www.seaford.k12.ny.us/board-of-education/meeting-agendas-minutes-and-presentations/board-of-education-minutes-archive,Finalsite;SchoolMessenger;ParentSquare/Smore,1,,BoardDocs
3626520,Sewanhaka Central High School District,School district,Nassau,5,7862,http://www.sewanhakaschools.org,200,https://www.sewanhakaschools.org/,BoardDocs;YouTube,https://go.boarddocs.com/ny/schsd/Board.nsf/Public,https://www.sewanhakaschools.org/page/agenda https://www.sewanhakaschools.org/page/minutes https://www.sewanhakaschools.org/page/meeting-dates https://www.sewanhakaschools.org/page/board-of-education-members,Apptegy/Thrillshare,4,,BoardDocs
3628560,Syosset Central School District,School district,Nassau,10,6938,http://syossetschools.org,200,https://www.syossetschools.org/,BoardDocs;YouTube,https://go.boarddocs.com/ny/syossetschools/Board.nsf/Public,https://www.syossetschools.org/board-of-education/board-meeting-information https://www.syossetschools.org/board-of-education/board-policies https://www.syossetschools.org/board-of-education/about-the-board https://www.syossetschools.org/board-of-education/boardcommittees,Finalsite;SchoolMessenger;ParentSquare/Smore,1,,BoardDocs
3629280,Uniondale Union Free School District,School district,Nassau,8,6211,http://www.district.uniondaleschools.org,0,http://www.district.uniondaleschools.org,,,,,0,no response,Unreachable / blocked
3629430,Valley Stream 13 Union Free School District,School district,Nassau,4,2026,http://valleystream13.com/,202,http://valleystream13.com/,,,,,0,,Unreachable / blocked
3629460,Valley Stream 24 Union Free School District,School district,Nassau,3,1055,http://valleystreamschooldistrict24.org/,200,https://valleystreamschooldistrict24.org/,Diligent Community;Google Drive/Docs;YouTube,https://valleystreamschooldistrict24.community.diligentoneplatform.com/Portal/Welcome.aspx ,https://valleystreamschooldistrict24.org/board-agendas https://valleystreamschooldistrict24.org/board-minutes https://valleystreamschooldistrict24.org/2026-2027-board-agendas https://valleystreamschooldistrict24.org/board-policies,,355,,Diligent Community
3629490,Valley Stream 30 Union Free School District,School district,Nassau,3,1456,http://www.valleystream30.com,200,https://valleystream30.com/,Diligent Community;Google Drive/Docs;Granicus;YouTube,https://valleystream30.community.diligentoneplatform.com/Portal/MeetingSchedule.aspx?meetingTypeId=16&amp;month=7,https://valleystream30.com/board-of-education,SchoolMessenger;ParentSquare/Smore,481,,Diligent Community
3629520,Valley Stream Central High School District,School district,Nassau,4,4714,http://www.vschsd.org,202,http://www.vschsd.org/,,,,,0,,Unreachable / blocked
3629850,Wantagh Union Free School District,School district,Nassau,5,2905,http://www.wantaghschools.org,200,https://www.wantaghschools.org/,Google Drive/Docs;YouTube,,https://www.wantaghschools.org/boe https://www.wantaghschools.org/boardnotes,SchoolMessenger;ParentSquare/Smore,1,,PDFs on own site
3630660,West Hempstead Union Free School District,School district,Nassau,4,1586,http://www.whufsd.com,200,https://www.whufsd.com/,BoardDocs;Google Drive/Docs;YouTube,https://go.boarddocs.com/ny/whufsd/Board.nsf,https://www.whufsd.com/page/about-board-meetings https://www.whufsd.com/page/board-of-education-minutes-agendas https://www.whufsd.com/page/board-goals https://www.whufsd.com/page/board-notices,Apptegy/Thrillshare,0,,BoardDocs
3630960,Westbury Union Free School District,School district,Nassau,6,4768,http://www.westburyschools.org,200,https://www.westburyschools.org/,BoardDocs;Google Drive/Docs;YouTube,https://go.boarddocs.com/ny/wufsd/Board.nsf/Public https://go.boarddocs.com/ny/wufsd/Board.nsf/files/D6RQSQ6ABD93/$file/POLICY%205300%20-%20CODE%20OF%20CONDUCT.pdf https://go.boarddocs.com/ny/wufsd/Board.nsf/goto?open&id=DKR7ES194EC5,https://www.westburyschools.org/about/board-of-education https://www.westburyschools.org/newspage/~board/district-posts/post/district-wide-spelling-bee2026 https://www.westburyschools.org/newspage/~board/district-posts/post/a-major-investment-in-westburys-future https://www.westburyschools.org/newspage/~board/district-posts/post/a-new-era-begins-for-westbury-athletics,Finalsite;SchoolMessenger,1,,BoardDocs
3602880,Amagansett Union Free School District,School district,Suffolk,1,125,http://www.aufsd.org,200,https://www.aufsd.org/,,,https://www.aufsd.org/boe-meetings https://www.aufsd.org/boe https://www.aufsd.org/boe-schedule,SchoolMessenger;ParentSquare/Smore,0,,Not detected
3602940,Amityville Union Free School District,School district,Suffolk,5,2951,http://www.amityvilleschools.org,200,https://www.amityvilleschools.org/,BoardDocs;YouTube,http://www.boarddocs.com/ny/aufsd/Board.nsf/Public,https://www.amityvilleschools.org/meetings-minutes https://www.amityvilleschools.org/board-of-education https://www.amityvilleschools.org/board-of-education-2,SchoolMessenger;ParentSquare/Smore,63,,BoardDocs
3603720,Babylon Union Free School District,School district,Suffolk,3,1558,http://babylon.k12.ny.us,200,https://www.babylon.k12.ny.us/,,,https://www.babylon.k12.ny.us/boe-legislative-committee,SchoolMessenger;ParentSquare/Smore,0,,Not detected
3604080,Bay Shore Union Free School District,School district,Suffolk,7,5854,http://www.bayshoreschools.org,,,,,,,0,robots.txt disallows,Unreachable / blocked
3604110,Bayport-Blue Point Union Free School District,School district,Suffolk,5,1924,http://www.bbpschools.org,200,https://www.bbpschools.org/,BoardDocs;YouTube,https://go.boarddocs.com/ny/bbps/Board.nsf/goto?open&amp;id=9Y2LGM506D64 https://go.boarddocs.com/ny/bbps/Board.nsf/vpublic?open,https://www.bbpschools.org/page/meeting-dates https://www.bbpschools.org/page/board-of-education-information https://www.bbpschools.org/page/board-of-education-presentations https://www.bbpschools.org/page/board-of-education-vision-statement,Apptegy/Thrillshare;SchoolMessenger,0,,BoardDocs
3605280,Brentwood Union Free School District,School district,Suffolk,17,18323,http://www.brentwood.k12.ny.us,200,https://www.bufsd.org,YouTube,,https://www.bufsd.org/board-of-education/board-meetings https://www.bufsd.org/board-of-education https://www.bufsd.org/board-of-education/boe-policies https://www.bufsd.org/board-of-education/board-members,Finalsite;SchoolMessenger;ParentSquare/Smore,25,,PDFs on own site
3605370,Bridgehampton Union Free School District,School district,Suffolk,1,198,http://www.bridgehampton.k12.ny.us,200,https://www.bridgehampton.k12.ny.us/,,,,SchoolMessenger;ParentSquare/Smore,0,,Not detected
3615780,Brookhaven-Comsewogue Union Free School District,School district,Suffolk,6,3571,http://www.comsewogue.k12.ny.us,200,https://www.comsewogue.k12.ny.us/,BoardDocs;YouTube,https://go.boarddocs.com/ny/comsewogue/Board.nsf/Public,https://www.comsewogue.k12.ny.us/meeting-schedule https://www.comsewogue.k12.ny.us/boarddocs https://www.comsewogue.k12.ny.us/meet-the-board https://www.comsewogue.k12.ny.us/board-of-education,SchoolMessenger;ParentSquare/Smore,0,,BoardDocs
3606840,Center Moriches Union Free School District,School district,Suffolk,3,1488,http://www.cmschools.org,200,https://www.cmschools.org/,YouTube,,,SchoolMessenger;ParentSquare/Smore,0,,Not detected
3606870,Central Islip Union Free School District,School district,Suffolk,8,7902,http://www.centralislip.k12.ny.us,200,https://www.centralislip.k12.ny.us/,BoardDocs;Google Drive/Docs;YouTube,https://go.boarddocs.com/ny/cislipps/Board.nsf/goto?open&amp;id=CXKFZX419D9C,https://www.centralislip.k12.ny.us/board-of-education/monthly-meeting-summary https://www.centralislip.k12.ny.us/board-of-education https://www.centralislip.k12.ny.us/about/calendars/boe https://www.centralislip.k12.ny.us/board-of-education/goals,Finalsite;SchoolMessenger;ParentSquare/Smore,2,,BoardDocs
3608010,Cold Spring Harbor Central School District,School district,Suffolk,4,1570,http://www.csh.k12.ny.us,200,https://www.csh.k12.ny.us/,Google Drive/Docs;YouTube,,https://www.csh.k12.ny.us/bo/boe-meeting-presentations https://www.csh.k12.ny.us/bo/boe-meeting-presentations/21-22-presentations https://www.csh.k12.ny.us/bo/boe-meeting-presentations/25-26-presentations https://www.csh.k12.ny.us/bo/boe-meeting-presentations/22-23-presentations,Finalsite;Blackboard/SchoolWires,0,,Google Drive links
3608130,Commack Union Free School District,School district,Suffolk,8,5590,http://commack.k12.ny.us,200,https://commack.k12.ny.us/,Google Drive/Docs;YouTube,,https://commack.k12.ny.us/agenda https://commack.k12.ny.us/boeminutes https://commack.k12.ny.us/boemeetingsschedule https://commack.k12.ny.us/boemeetingprocedures,SchoolMessenger;ParentSquare/Smore,217,,PDFs on own site
3608160,Connetquot Central School District,School district,Suffolk,10,5393,http://www.ccsdli.org,200,https://www.ccsdli.org/,BoardDocs;YouTube,http://www.boarddocs.com/ny/ccsdli/Board.nsf/goto?open&id=8WWMUG5CF002 https://go.boarddocs.com/ny/ccsdli/Board.nsf/vpublic?open,,SchoolMessenger;ParentSquare/Smore,0,,BoardDocs
3608310,Copiague Union Free School District,School district,Suffolk,6,4876,http://www.copiague.k12.ny.us,200,https://www.copiague.k12.ny.us/,BoardDocs,https://go.boarddocs.com/ny/copiague/Board.nsf/Public,,SchoolMessenger;ParentSquare/Smore,0,,BoardDocs
3608880,Deer Park Union Free School District,School district,Suffolk,5,4050,http://www.deerparkschools.org,200,https://www.deerparkschools.org/,Google Drive/Docs;YouTube,,https://www.deerparkschools.org/agenda-and-minutes https://www.deerparkschools.org/virtual-board-meetings-since-april https://www.deerparkschools.org/wellness-committee-minutes-archive https://www.deerparkschools.org/board-policies,SchoolMessenger;ParentSquare/Smore,83,,PDFs on own site
3609660,East Hampton Union Free School District,School district,Suffolk,3,1844,http://www.ehufsd.org,404,http://www.ehufsd.org/,,,,,0,,Unreachable / blocked
3609720,East Islip Union Free School District,School district,Suffolk,6,3446,http://www.eischools.org,200,https://www.eischools.org/,BoardDocs;YouTube,https://go.boarddocs.com/ny/eisd/Board.nsf/Public#tab-policies https://www.boarddocs.com/ny/eisd/Board.nsf/Public,https://www.eischools.org/board-of-education/approved-meeting-schedule https://www.eischools.org/board-of-education/board-of-education/board-meeting-videos https://www.eischools.org/board-of-education/board-of-education/board-minutes-and-agendas-archive https://www.eischools.org/board-of-education,Finalsite;SchoolMessenger;ParentSquare/Smore,1,,BoardDocs
3609870,East Moriches Union Free School District,School district,Suffolk,2,649,http://www.emoschools.org,200,https://www.emoschools.org/,,,https://www.emoschools.org/board_of_education/board_information/agendas_minutes https://www.emoschools.org/board_of_education/board_information/agendas__minutes https://www.emoschools.org/board_of_education https://www.emoschools.org/board_of_education/board_information,SchoolMessenger,0,,Not detected
3609900,East Quogue Union Free School District,School district,Suffolk,1,361,http://www.eastquogue.k12.ny.us,200,https://www.eastquogue.k12.ny.us/,BoardDocs,https://go.boarddocs.com/ny/equfsd/Board.nsf/Public,https://www.eastquogue.k12.ny.us/archivedagendasandminutes https://www.eastquogue.k12.ny.us/boarddocs-minutes-agendas https://www.eastquogue.k12.ny.us/boe-sub-committee-meeting-minutes https://www.eastquogue.k12.ny.us/board-home,SchoolMessenger;ParentSquare/Smore,38,,BoardDocs
3600125,Eastport-South Manor Csd,School district,Suffolk,5,2791,http://www.esmonline.org,200,https://www.esmonline.org/,BoardDocs,https://go.boarddocs.com/ny/esm/Board.nsf https://go.boarddocs.com/ny/esm/Board.nsf/Public?open&id=policies,https://www.esmonline.org/board/meetings https://www.esmonline.org/board/EPC https://www.esmonline.org/board/home https://www.esmonline.org/board/committees,,18,,BoardDocs
3610680,Elwood Union Free School District,School district,Suffolk,4,1998,http://www.elwood.k12.ny.us,409,http://www.elwood.k12.ny.us/,,,,,0,,Unreachable / blocked
3621540,Fire Island Union Free School District,School district,Suffolk,1,34,http://www.fi.k12.ny.us,200,https://www.fi.k12.ny.us/,YouTube,,https://www.fi.k12.ny.us/boe/meeting-minutes-archive https://www.fi.k12.ny.us/boe/meeting-agendas-minutes https://www.fi.k12.ny.us/boe/meeting-minutes-archive/2022-2023-archive https://www.fi.k12.ny.us/boe/meeting-minutes-archive/2020-2021-archive,Finalsite;SchoolMessenger,0,,Not detected
3611100,Fishers Island Union Free School District,School district,Suffolk,1,57,http://www.fischool.com,200,https://www.fischool.com/,BoardDocs;Google Drive/Docs,,,Apptegy/Thrillshare,0,,BoardDocs
3612840,Greenport Union Free School District,School district,Suffolk,2,704,http://www.gufsd.org,200,https://www.gufsd.org/,BoardDocs;Google Drive/Docs,https://go.boarddocs.com/ny/gufsd/Board.nsf/Public https://go.boarddocs.com/ny/gufsd/Board.nsf/Public?open&amp;id=policies,https://www.gufsd.org/district/board-of-education/meeting-schedule https://www.gufsd.org/district/board-of-education/board-members https://www.gufsd.org/district/board-of-education/district-goals https://www.gufsd.org/p/~board/district-highlights-greenport-union-free-school-district-34/post/academic-awards-highlights,Finalsite;SchoolMessenger;ParentSquare/Smore,0,,BoardDocs
3613290,Half Hollow Hills Central School District,School district,Suffolk,9,7317,http://www.halfhollowhills.k12.ny.us,200,https://www.hhh.k12.ny.us/,Google Drive/Docs,,https://www.hhh.k12.ny.us/district/board-of-education https://www.hhh.k12.ny.us/district/news/news-post/~board/news/post/explore-the-2025-26-annual-report https://www.hhh.k12.ny.us/district/news/news-post/~board/news/post/summer-learning-comes-to-life-at-otsego https://www.hhh.k12.ny.us/district/news/news-post/~board/news/post/60-employees-reach-25-year-service-milestone,Finalsite;SchoolMessenger,0,,Google Drive links
3613530,Hampton Bays Union Free School District,School district,Suffolk,3,2065,http://www.hbschools.us,200,https://www.hbschools.us/,YouTube,,https://www.hbschools.us/meeting-dates https://www.hbschools.us/agenda-minutes-and-policies https://www.hbschools.us/boarddocs https://www.hbschools.us/board-goals,SchoolMessenger;ParentSquare/Smore,0,,Not detected
3613620,Harborfields Central School District,School district,Suffolk,4,2794,http://www.harborfieldscsd.net,200,https://www.harborfieldscsd.net/,BoardDocs;YouTube,https://go.boarddocs.com/ny/harborfields/Board.nsf/Public,https://www.harborfieldscsd.net/boe,SchoolMessenger;ParentSquare/Smore,3,,BoardDocs
3613980,Hauppauge Union Free School District,School district,Suffolk,5,3224,http://www.hauppauge.k12.ny.us,200,https://www.hauppauge.k12.ny.us/,Google Drive/Docs;YouTube,,https://www.hauppauge.k12.ny.us/o/hufsd/page/about-the-board-of-education,Apptegy/Thrillshare;SchoolMessenger,0,,Google Drive links
3615090,Huntington Union Free School District,School district,Suffolk,8,4136,http://www.hufsd.edu,200,https://www.hufsd.edu/,BoardDocs;Google Drive/Docs;YouTube,http://www.boarddocs.com/ny/hufsd/Board.nsf/Public http://www.boarddocs.com/ny/hufsd/Board.nsf/Public# https://www.boarddocs.com/ny/hufsd/Board.nsf/Public,https://www.hufsd.edu/leadership/board.html,ParentSquare/Smore,41,,BoardDocs
3615540,Islip Union Free School District,School district,Suffolk,5,2691,http://www.islipufsd.org,200,https://www.islipufsd.org/,BoardDocs;YouTube,https://go.boarddocs.com/ny/islip/Board.nsf/Public,https://www.islipufsd.org/boe-meeting-schedule https://www.islipufsd.org/board-of-education-meeting-agendas https://www.islipufsd.org/boe-presentations https://www.islipufsd.org/board-of-education,SchoolMessenger;ParentSquare/Smore,297,,BoardDocs
3616260,Kings Park Central School District,School district,Suffolk,5,2698,http://www.kpcsd.org,200,https://www.kpcsd.org/,,,https://www.kpcsd.org/audit-committee-agendas https://www.kpcsd.org/audit-committee-minutes https://www.kpcsd.org/board-of-ed-meetings-101 https://www.kpcsd.org/superintendents-council-meetings,SchoolMessenger;ParentSquare/Smore,25,,PDFs on own site
3617380,Lindenhurst Union Free School District,School district,Suffolk,8,5640,http://www.lindenhurstschools.org,200,https://www.lindenhurstschools.org/,,,,SchoolMessenger;ParentSquare/Smore,0,,Not detected
3617400,Little Flower Union Free School District,School district,Suffolk,1,9,http://www.littleflowerufsd.org,200,https://www.littleflowerufsd.org/,,,https://www.littleflowerufsd.org/board-of-education/board-meeting-minutes https://www.littleflowerufsd.org/board-of-education/boe-scheduled-meetings https://www.littleflowerufsd.org/board-of-education/boe-scheduled-meetings/boe-meeting-dates https://www.littleflowerufsd.org/board-of-education/boe-scheduled-meetings/board-of-education/boe-scheduled-meetings/virtual-meeting-announcements,Finalsite;Blackboard/SchoolWires;SchoolMessenger,55,,PDFs on own site
3619230,Longwood Central School District,School district,Suffolk,7,8876,http://www.longwood.k12.ny.us,200,https://www.longwood.k12.ny.us/,BoardDocs,https://go.boarddocs.com/ny/lcsd/Board.nsf/Public,https://www.longwood.k12.ny.us/about/board-of-education https://www.longwood.k12.ny.us/about/news-and-announcements/news-details/~board/district/post/a-culture-of-caring https://www.longwood.k12.ny.us/about/news-and-announcements/news-details/~board/district/post/meet-vivian-abbate-coordinator-of-student-wellness https://www.longwood.k12.ny.us/about/news-and-announcements/news-details/~board/distr,Finalsite;SchoolMessenger;ParentSquare/Smore,0,,BoardDocs
3600021,Mattituck-Cutchogue Union Free School District,School district,Suffolk,2,1004,http://www.mufsd.com,200,https://www.mufsd.com/,YouTube,,https://www.mufsd.com/boe,SchoolMessenger;ParentSquare/Smore,0,,Not detected
3619200,Middle Country Central School District,School district,Suffolk,14,9507,http://www.mccsd.net,200,https://www.mccsd.net/,BoardDocs;Google Drive/Docs;YouTube,http://www.boarddocs.com/ny/mccsd/Board.nsf/Public,https://www.mccsd.net/board-of-education/recognized-at-a-boe-meeting https://www.mccsd.net/board-of-education/livestream-and-archived-meetings https://www.mccsd.net/board-of-education https://www.mccsd.net/district-e6/bulletin-board,Finalsite;Blackboard/SchoolWires;SchoolMessenger,10,,BoardDocs
3619410,Miller Place Union Free School District,School district,Suffolk,4,2343,http://www.millerplace.k12.ny.us,200,https://www.millerplace.k12.ny.us/,YouTube,,https://www.millerplace.k12.ny.us/board-of-education/board-meeting-minutes https://www.millerplace.k12.ny.us/board-of-education/board-committee-meetings https://www.millerplace.k12.ny.us/board-of-education/board-of-education-meetings https://www.millerplace.k12.ny.us/board-of-education,Finalsite;SchoolMessenger,0,,Not detected
3619710,Montauk Union Free School District,School district,Suffolk,1,305,http://www.montaukschool.org,200,https://www.montaukschool.org/,Google Drive/Docs,,,SchoolMessenger;ParentSquare/Smore,0,,Google Drive links
3620040,Mount Sinai Union Free School District,School district,Suffolk,3,2076,http://www.mtsinai.k12.ny.us,200,https://www.mtsinai.k12.ny.us/,YouTube,,,SchoolMessenger;ParentSquare/Smore,0,,Not detected
3620520,New Suffolk Common School District,School district,Suffolk,1,7,http://www.newsuffolkschool.com,200,https://www.newsuffolkschool.com/,,,https://www.newsuffolkschool.com/bulletinboard,,0,,Not detected
3620910,North Babylon Union Free School District,School district,Suffolk,7,4683,http://www.northbabylonschools.net,200,https://www.northbabylonschools.net/,YouTube,,,SchoolMessenger;ParentSquare/Smore,0,,Not detected
3621270,Northport-East Northport Union Free School District,School district,Suffolk,7,4572,http://www.northport.k12.ny.us,,,,,,,0,robots.txt disallows,Unreachable / blocked
3621930,Oysterponds Union Free School District,School district,Suffolk,1,80,http://www.oysterponds.org,200,https://www.oysterponds.org/,,,https://www.oysterponds.org/board-of-education https://www.oysterponds.org/board-of-education-home,SchoolMessenger;ParentSquare/Smore,822,,PDFs on own site
3622470,Patchogue-Medford Union Free School District,School district,Suffolk,11,7452,http://www.pmschools.org,200,https://www.pmschools.org/,Diligent Community;YouTube,https://pmschools.community.diligentoneplatform.com/Portal/,https://www.pmschools.org/board-of-education/meeting-minutes https://www.pmschools.org/board-of-education/meeting-recordings https://www.pmschools.org/board-of-education https://www.pmschools.org/board-of-education/trustees,Finalsite;SchoolMessenger,159,,Diligent Community
3623490,Port Jefferson Union Free School District,School district,Suffolk,3,918,http://www.portjeffschools.org,200,https://www.portjeffschools.org/,BoardDocs,https://go.boarddocs.com/ny/portjeff/Board.nsf/vpublic?open,https://www.portjeffschools.org/meeting-dates https://www.portjeffschools.org/archived-agendas-minutes-and-presen https://www.portjeffschools.org/board-committees https://www.portjeffschools.org/board-of-education,SchoolMessenger;ParentSquare/Smore,68,,BoardDocs
3624060,Quogue Union Free School District,School district,Suffolk,1,84,http://www.quogueschool.com,0,http://www.quogueschool.com,,,,,0,no response,Unreachable / blocked
3624420,Remsenburg-Speonk Union Free School District,School district,Suffolk,1,123,http://www.rsufsd.org,200,https://www.rsufsd.org/,Google Drive/Docs,,https://www.rsufsd.org/boepolicies,SchoolMessenger;ParentSquare/Smore,0,,Google Drive links
3624690,Riverhead Central School District,School district,Suffolk,8,5688,http://www.riverhead.net,202,http://www.riverhead.net/,,,,,0,,Unreachable / blocked
3624840,Rocky Point Union Free School District,School district,Suffolk,4,2721,http://www.rockypointschools.org,404,http://www.rockypointschools.org/,,,,,0,,Unreachable / blocked
3625350,Sachem Central School District,School district,Suffolk,15,11844,http://www.sachem.edu,200,https://www.sachem.edu/,BoardDocs;YouTube,https://www.boarddocs.com/ny/sachem/Board.nsf,https://www.sachem.edu/boe-policy https://www.sachem.edu/board-of-education https://www.sachem.edu/board-of-education-2 https://www.sachem.edu/board-of-education-letters,SchoolMessenger;ParentSquare/Smore,3,,BoardDocs
3625380,Sag Harbor Union Free School District,School district,Suffolk,2,958,http://www.sagharborschools.org,200,https://www.sagharborschools.org/,BoardDocs;Google Drive/Docs,http://go.boarddocs.com/ny/sag/Board.nsf/goto?open&amp;id=B4QLDT5618AC http://go.boarddocs.com/ny/sag/Board.nsf/goto?open&amp;id=B4QLP9572D5D https://go.boarddocs.com/ny/sag/Board.nsf/Public,https://www.sagharborschools.org/boe,SchoolMessenger;ParentSquare/Smore,0,,BoardDocs
3625410,Sagaponack Common School District,School district,Suffolk,1,5,http://www.sagaponackschool.com,200,https://sagaponackschool.org/,,,https://sagaponackschool.org/school-board-meetings/ https://sagaponackschool.org/events/board-meeting-39/ https://sagaponackschool.org/events/back-to-school-parent-meeting-6/ https://sagaponackschool.org/school-board-meetings/#committee_agendas,SchoolMessenger,138,,PDFs on own site
3625920,Sayville Union Free School District,School district,Suffolk,5,2694,http://www.sayvilleschools.org,200,https://www.sayvilleschools.org/,BoardDocs;Google Drive/Docs;YouTube,http://www.boarddocs.com/ny/spsny/board.nsf https://www.boarddocs.com/ny/spsny/Board.nsf/Public,https://www.sayvilleschools.org/board-of-education/2026-2027-boe-meetings https://www.sayvilleschools.org/board-of-education/slides-from-boe-meetings https://www.sayvilleschools.org/board-of-education/board-docs-policies-agendas/board-goals https://www.sayvilleschools.org/board-of-education/board-docs-policies-agendas/about-boarddocs,Finalsite;SchoolMessenger;ParentSquare/Smore,15,,BoardDocs
3626640,Shelter Island Union Free School District,School district,Suffolk,1,176,http://www.shelterisland.k12.ny.us,200,https://www.shelterisland.k12.ny.us/,,,https://www.shelterisland.k12.ny.us/board-of-education/meeting-videos https://www.shelterisland.k12.ny.us/board-of-education/meeting-mintues https://www.shelterisland.k12.ny.us/board-of-education/meeting-agendas https://www.shelterisland.k12.ny.us/board-of-education/homepage,Finalsite;Blackboard/SchoolWires;SchoolMessenger,469,,PDFs on own site
3626840,Shoreham-Wading River Central School District,School district,Suffolk,4,2000,http://www.swrschools.org,200,https://www.swrschools.org/,BoardDocs;YouTube,"https://go.boarddocs.com/ny/swrcsd/Board.nsf/Public https://linkprotect.cudasvc.com/url?a=https%3a%2f%2fgo.boarddocs.com%2fny%2fswrcsd%2fBoard.nsf%2fPublic%3fopen%26id%3dpolicies&c=E,1,ISE9dc7WW4GNEX8A0dEDvGTqhYZv-7-jkiS9MPW2SCmd3mdS8mgLh4ZygY3a-L0ZQDOyZNofD-HjCj9qKiDBl6QYqTXg-4Po5-k6BSz1T7BASA,,&ty",https://www.swrschools.org/meeting-videos https://www.swrschools.org/meeting-videos-home https://www.swrschools.org/boe-meeting-minutes-archive https://www.swrschools.org/board-of-education,SchoolMessenger;ParentSquare/Smore,71,,BoardDocs
3627060,Smithtown Central School District,School district,Suffolk,12,7924,http://www.smithtown.k12.ny.us,200,https://www.smithtown.k12.ny.us/,BoardDocs;Google Drive/Docs;YouTube,http://go.boarddocs.com/ny/smith/Board.nsf/goto?open&amp;id=CLLREZ6D0AEA https://go.boarddocs.com/ny/smith/Board.nsf/Public https://go.boarddocs.com/ny/smith/Board.nsf/Public#tab-policies,https://www.smithtown.k12.ny.us/Board-of-Education/Meeting-Notices https://www.smithtown.k12.ny.us/Board-of-Education https://www.smithtown.k12.ny.us/OffNav/Calendars#BOE https://www.smithtown.k12.ny.us/Board-of-Education/Housing,,22,,BoardDocs
3600008,South Country Central School District,School district,Suffolk,6,3953,http://www.southcountry.org,200,https://www.southcountry.org/,BoardDocs;YouTube,https://go.boarddocs.com/ny/soco/Board.nsf/Public https://go.boarddocs.com/ny/soco/Board.nsf/goto?open&amp;id=AFWR6J6C6A22 https://www.boarddocs.com/ny/soco/Board.nsf,https://www.southcountry.org/board-of-education/meeting-calendar https://www.southcountry.org/board-of-education/streamed-boe-meetings https://www.southcountry.org/board-of-education/boe-committee-meeting-schedule https://www.southcountry.org/board-of-education,Finalsite;SchoolMessenger,4,,BoardDocs
3627300,South Huntington Union Free School District,School district,Suffolk,7,5849,http://www.shufsd.org,200,https://www.shufsd.org/,Google Drive/Docs;YouTube,,,SchoolMessenger;ParentSquare/Smore,0,,Google Drive links
3627540,Southampton Union Free School District,School district,Suffolk,3,1340,http://www.southamptonschools.org,200,https://www.southamptonschools.org/,YouTube,,,SchoolMessenger;ParentSquare/Smore,0,,Not detected
3627620,Southold Union Free School District,School district,Suffolk,2,697,http://www.southoldufsd.com,200,https://www.southoldufsd.com/,Google Drive/Docs,,,SchoolMessenger;ParentSquare/Smore,0,,Google Drive links
3627900,Springs Union Free School District,School district,Suffolk,1,688,http://www.springsschool.org,,,,,,,0,robots.txt disallows,Unreachable / blocked
3628200,Three Village Central School District,School district,Suffolk,8,5717,http://www.threevillagecsd.org,,,,,,,0,robots.txt disallows,Unreachable / blocked
3629070,Tuckahoe Common School District,School district,Suffolk,1,255,http://www.tuckahoecommonsd.com,200,https://www.tuckahoecommonsd.com/,,,https://www.tuckahoecommonsd.com/board-of-trustee-meeting-schedule https://www.tuckahoecommonsd.com/board-of-trustees https://www.tuckahoecommonsd.com/budget-vote-and-board-of-trustees-e,SchoolMessenger;ParentSquare/Smore,335,,PDFs on own site
3629760,Wainscott Common School District,School district,Suffolk,1,26,http://www.wainscottschool.org,200,https://wainscottschool.org/,,,https://wainscottschool.org/minutes-and-agendas/ https://wainscottschool.org/about-the-school/board-of-trustees/ https://wainscottschool.org/about-the-school/budget-and-board-election-vote/,SchoolMessenger,110,,PDFs on own site
3630540,West Babylon Union Free School District,School district,Suffolk,7,3693,http://www.wbschools.org,200,https://www.wbschools.org/,BoardDocs;YouTube,https://go.boarddocs.com/ny/wbschools/Board.nsf/Public,https://www.wbschools.org/boe-meeting-dates https://www.wbschools.org/boe-meeting-presentations https://www.wbschools.org/boe https://www.wbschools.org/trustees,SchoolMessenger;ParentSquare/Smore,9,,BoardDocs
3630690,West Islip Union Free School District,School district,Suffolk,7,3913,http://www.wi.k12.ny.us,200,https://www.wi.k12.ny.us/,Google Drive/Docs;YouTube,,https://www.wi.k12.ny.us/boe,SchoolMessenger;ParentSquare/Smore,485,,PDFs on own site
3631020,Westhampton Beach Union Free School District,School district,Suffolk,3,1767,http://www.whbschools.org,200,https://www.whbschools.org/,,,https://www.whbschools.org/archived-meeting-agendas-and-minute https://www.whbschools.org/board-of-education https://www.whbschools.org/boe-community-site,SchoolMessenger;ParentSquare/Smore,28,,PDFs on own site
3618690,William Floyd Union Free School District,School district,Suffolk,9,9166,http://www.wfsd.k12.ny.us,200,https://www.wfsd.k12.ny.us/,BoardDocs;YouTube,https://www.boarddocs.com/ny/wfsd/Board.nsf,https://www.wfsd.k12.ny.us/district/board-of-education https://www.wfsd.k12.ny.us/post/~board/posts/post/snap-benefit-information https://www.wfsd.k12.ny.us/post/~board/posts/post/elementary-school-virtual-backpack https://www.wfsd.k12.ny.us/post/~board/posts/post/national-football-foundation-kickoff-classic-william-floyd,Finalsite;SchoolMessenger,0,,BoardDocs
3631800,Wyandanch Union Free School District,School district,Suffolk,4,2743,http://www.wyandanch.k12.ny.us,200,https://www.wyandanch.k12.ny.us/,YouTube,,,SchoolMessenger;ParentSquare/Smore,0,,Not detected
3600997,Academy Charter School,Charter school,Nassau,1,1880,http://www.academycharterschool.org,200,https://academycharterschool.org/,YouTube,,,SchoolMessenger,0,,Not detected
3601169,Academy Charter School-Uniondale,Charter school,Nassau,1,1272,http://www.academycharterschool.org,200,https://academycharterschool.org/,YouTube,,,SchoolMessenger,0,,Not detected
3600988,Evergreen Charter School,Charter school,Nassau,1,966,http://ecsli.org,202,http://ecsli.org/,,,,,0,,Unreachable / blocked
3680540,Nassau Boces,BOCES,Nassau,1,,http://www.nassauboces.org,200,https://www.nassauboces.org/,BoardDocs;YouTube,http://go.boarddocs.com/ny/nassaub/Board.nsf/goto?open&amp;id=CT2L9S558370,https://www.nassauboces.org/about-us/board-and-administration/board-meetings https://www.nassauboces.org/about-us/board-and-administration/board-meeting-live-streams https://www.nassauboces.org/services-for-districts/data-and-management/nastech/march-meeting https://www.nassauboces.org/services-for-districts/data-and-management/nastech/january-meeting,Finalsite;SchoolMessenger,0,,BoardDocs
3600030,Roosevelt Children'S Academy Charter School,Charter school,Nassau,1,730,http://www.rcacs.org,200,https://www.rcacs.org/,,,,,0,,Not detected
3680973,Academy Charter School 2 (The),Charter school,Suffolk,1,144,http://academycharterschool.org/wyandanchschool/,200,https://wyandanch.academycharterschool.org/,,,,,0,,Not detected
3680820,Eastern Suffolk Boces,BOCES,Suffolk,1,,http://www.esboces.org,200,https://www.esboces.org/,Google Drive/Docs;YouTube,,https://www.esboces.org/programs-services/ess/school-library-system/liaisonprogram-meetings https://www.esboces.org/about-us/board-and-administration/annual-meeting-board-presidents-report https://www.esboces.org/programs-services/ess/curriculum-council/curriculum-council-meeting-dates https://www.esboces.org/programs-services/ess/curriculum-council/curriculum-council-meeting-materials,Finalsite;SchoolMessenger,0,,Google Drive links
3600060,Riverhead Charter School,Charter school,Suffolk,1,823,http://www.riverheadcharterschool.org,200,https://riverheadcharterschool.org/,YouTube,,https://riverheadcharterschool.org/title-i-parent-meetings/ https://riverheadcharterschool.org/about-us/board-of-trustees/,SchoolMessenger,59,,PDFs on own site
3680860,Western Suffolk Boces,BOCES,Suffolk,1,,http://www.wsboces.org,200,https://www.wsboces.org/,YouTube,,https://www.wsboces.org/agendas-minutes/ https://www.wsboces.org/board-of-education-meeting-notice-october-2026/ https://www.wsboces.org/board-of-education-meeting-notice-august-2026-2/ https://www.wsboces.org/board-of-education-meeting-notice-september-2026/,SchoolMessenger,168,,PDFs on own site
