body,host,link_count
Brentwood Union Free School District,www.bufsd.org,25
South Huntington Union Free School District,files.smartsites.parentsquare.com,1
Farmingdale Union Free School District,files.smartsites.parentsquare.com,2
Deer Park Union Free School District,files.smartsites.parentsquare.com,866
West Islip Union Free School District,files.smartsites.parentsquare.com,960
West Islip Union Free School District,s3.amazonaws.com,1
Roslyn Union Free School District,resources.finalsite.net,2
Mineola Union Free School District,files.smartsites.parentsquare.com,1
Rocky Point Union Free School District,files.smartsites.parentsquare.com,858
Kings Park Central School District,files.smartsites.parentsquare.com,28
Miller Place Union Free School District,resources.finalsite.net,8
Mount Sinai Union Free School District,files.smartsites.parentsquare.com,75
Mount Sinai Union Free School District,s3.amazonaws.com,157
Academy Charter School,academycharterschool.org,35
Westhampton Beach Union Free School District,files.smartsites.parentsquare.com,407
Cold Spring Harbor Central School District,www.nysed.gov,1
Academy Charter School-Uniondale,academycharterschool.org,35
East Rockaway Union Free School District,files.smartsites.parentsquare.com,261
Riverhead Charter School,riverheadcharterschool.org,5
Riverhead Charter School,www.riverheadcharterschool.org,1
Southold Union Free School District,files.smartsites.parentsquare.com,2
Montauk Union Free School District,files.smartsites.parentsquare.com,2
Montauk Union Free School District,s3.amazonaws.com,1
Oysterponds Union Free School District,files.smartsites.parentsquare.com,434
Wainscott Common School District,wainscottschool.org,113
Little Flower Union Free School District,nysrostarc.files.wordpress.com,1
Little Flower Union Free School District,www.littleflowerufsd.org,57
Little Flower Union Free School District,wwwfiles,1
Sagaponack Common School District,sagaponackschool.org,83
Western Suffolk Boces,www.wsboces.org,174
